```sql
-- 1．在查询分析器在窗口下用SELECT语句完成单表查询：

mysql> 
-- (1)查询全体学生的详细记录；
SELECT * FROM Student; 
+--------------+----------+-------+-------+-------+
| Sno         | Sname   | Ssex | Sage | Sdept |
+--------------+----------+-------+-------+-------+
| 201215121    | 李勇     | 男    | 20    | CS   |
| 201215122    | 刘晨     | 女    | 19    | CS   |
| 201215123    | 王敏     | 女    | 18    | MA   |
| 201215125    | 张立     | 男    | 19    | IS    |
| 201215126    | 张三     | 男    | 20    | CS   |
| 201215127    | 李四     | 男    | 21    | IS    |
| 201215128    | 王二麻子 | 男    | 22    | CS   |
| 201215129    | 刘津     | 男    | 23    | MA   |
| 201215130    | 刘丽     | 男    | 19    | IS    |
| 201215131    | 朱重八   | 男    | 25    | CH   |
| 201215132    | 李易安   | 女    | 23    | CS   |
| 201215133    | 舒庆春   | 男    | 22    | CH   |
| 201215134    | 马克思   | 男    | 24    | PY   |
| 201215135    | 恩格斯   | 男    | 22    | CH   |
| 201707120    | 昨夜晴   | 男    | 20    | CS   |
| 201811050370 | 徐贝宁   | 女    | 20    | SE   |
+--------------+----------+-------+-------+-------+
16 rows in set

mysql> 
-- (2)查询所有选修过课的学生的学号；
SELECT DISTINCT Sno FROM SC;
+--------------+
| Sno         |
+--------------+
| 201215121    |
| 201215122    |
| 201215123    |
| 201215124    |
| 201215125    |
| 201215126    |
| 201215127    |
| 201215128    |
| 201215129    |
| 201811050370 |
+--------------+
10 rows in set

mysql> 
 -- (3)查询考试成绩不及格的学生的学号；
SELECT DISTINCT Sno FROM SC WHERE Grade<60;
+-----------+
| Sno      |
+-----------+
| 201215123 |
| 201215124 |
| 201215125 |
| 201215126 |
| 201215127 |
| 201215128 |
| 201215129 |
+-----------+
7 rows in set

mysql> 
-- (4)查信息系（IS）、数学系（MA）和计算机科学系（CS）的学生的姓名和性别；
SELECT DISTINCT Sname,Ssex FROM Student WHERE Sdept IN('IS','MA','CS'); 
+----------+-------+
| Sname   | Ssex |
+----------+-------+
| 李勇     | 男    |
| 刘晨     | 女    |
| 王敏     | 女    |
| 张立     | 男    |
| 张三     | 男    |
| 李四     | 男    |
| 王二麻子 | 男    |
| 刘津     | 男    |
| 刘丽     | 男    |
| 李易安   | 女    |
| 昨夜晴   | 男    |
+----------+-------+
11 rows in set

mysql> 
-- (5)查所有姓刘的学生的姓名、学号和性别；
SELECT Sname,Sno,Ssex FROM Student WHERE Sname LIKE '刘%';
+--------+-----------+-------+
| Sname | Sno      | Ssex |
+--------+-----------+-------+
| 刘晨   | 201215122 | 女    |
| 刘津   | 201215129 | 男    |
| 刘丽   | 201215130 | 男    |
+--------+-----------+-------+
3 rows in set

mysql> 
-- (6)查包含课程名中包含“_”字符的课程的课程号和学分；(注意是下划线)
SELECT Cno,Ccredit FROM Course WHERE Cname LIKE '%\_%';
+------+--------+
| Cno | Ccredit |
+------+--------+
| 10   | 3      |
| 15   | 5      |
| 9    | 4      |
+------+--------+
3 rows in set

mysql> 
-- (7)查询选修了3号课程的学生的学号及其成绩，查询结果按分数的降序排列；
SELECT Sno,Grade FROM SC WHERE Cno='3' ORDER BY Grade DESC;
+--------------+-------+
| Sno         | Grade |
+--------------+-------+
| 201811050370 | 92    |
| 201215121    | 88    |
| 201215122    | 80    |
| 201215124    | 51    |
+--------------+-------+
4 rows in set

mysql> 
-- (8)查询学习1号课程的学生最高分数；
SELECT MAX(Grade) FROM SC WHERE Cno='1';
+-------------+
| MAX(Grade) |
+-------------+
| 92          |
+-------------+
1 row in set

mysql> 
-- (9)查询各个课程号与相应的选课人数
SELECT Cno,COUNT(Sno) FROM SC GROUP BY Cno;
+------+-------------+
| Cno | COUNT(Sno) |
+------+-------------+
| 1    |           1 |
| 2    |           3 |
| 3    |           4 |
| 4    |           2 |
| 5    |           2 |
| 6    |           1 |
| 7    |           1 |
| 8    |           3 |
| 9    |           1 |
+------+-------------+
9 rows in set

```