
```sql
mysql> -- 2．在查询分析器在窗口下用SELECT语句完成连接（嵌套）查询：

-- (10)查询每个学生及其选修课程的详细情况，包括学生姓名和课程名；

SELECT *  FROM student JOIN course,sc WHERE sc.Cno=course.Cno AND student.Sno=sc.Sno;
+--------------+----------+-------+-------+-------+------+---------------------+-------+--------+--------------+------+-------+
| Sno         | Sname   | Ssex | Sage | Sdept | Cno | Cname              | Cpno | Ccredit | Sno         | Cno | Grade |
+--------------+----------+-------+-------+-------+------+---------------------+-------+--------+--------------+------+-------+
| 201215121    | 李勇     | 男    | 20    | CS   | 1    | 数据库              | 5     | 4      | 201215121    | 1    | 92    |
| 201215121    | 李勇     | 男    | 20    | CS   | 2    | 数学                |       | 2      | 201215121    | 2    | 85    |
| 201215121    | 李勇     | 男    | 20    | CS   | 3    | 信息系统            | 1     | 4      | 201215121    | 3    | 88    |
| 201215122    | 刘晨     | 女    | 19    | CS   | 2    | 数学                |       | 2      | 201215122    | 2    | 90    |
| 201215122    | 刘晨     | 女    | 19    | CS   | 3    | 信息系统            | 1     | 4      | 201215122    | 3    | 80    |
| 201215123    | 王敏     | 女    | 18    | MA   | 2    | 数学                |       | 2      | 201215123    | 2    | 50    |
| 201215125    | 张立     | 男    | 19    | IS    | 4    | 操作系统            | 6     | 3      | 201215125    | 4    | 52    |
| 201215126    | 张三     | 男    | 20    | CS   | 5    | 数据结构            | 7     | 4      | 201215126    | 5    | 53    |
| 201215127    | 李四     | 男    | 21    | IS    | 8    | web开发技术        |       | 3      | 201215127    | 8    | 57    |
| 201215128    | 王二麻子 | 男    | 22    | CS   | 8    | web开发技术        |       | 3      | 201215128    | 8    | 58    |
| 201215129    | 刘津     | 男    | 23    | MA   | 9    | 程序设计基础_C语言 |       | 4      | 201215129    | 9    | 59    |
| 201811050370 | 徐贝宁   | 女    | 20    | SE   | 3    | 信息系统            | 1     | 4      | 201811050370 | 3    | 92    |
| 201811050370 | 徐贝宁   | 女    | 20    | SE   | 4    | 操作系统            | 6     | 3      | 201811050370 | 4    | 93    |
| 201811050370 | 徐贝宁   | 女    | 20    | SE   | 5    | 数据结构            | 7     | 4      | 201811050370 | 5    | 94    |
| 201811050370 | 徐贝宁   | 女    | 20    | SE   | 6    | 数据处理            |       | 2      | 201811050370 | 6    | 95    |
| 201811050370 | 徐贝宁   | 女    | 20    | SE   | 7    | PASCAL语言         | 6     | 4      | 201811050370 | 7    | 96    |
| 201811050370 | 徐贝宁   | 女    | 20    | SE   | 8    | web开发技术        |       | 3      | 201811050370 | 8    | 97    |
+--------------+----------+-------+-------+-------+------+---------------------+-------+--------+--------------+------+-------+
17 rows in set

mysql> 
-- (11)查询选修2号课程且成绩在90分以上的所有学生的基本情况；
SELECT * FROM student WHERE EXISTS(SELECT Grade FROM sc WHERE Grade>90);
+--------------+----------+-------+-------+-------+
| Sno         | Sname   | Ssex | Sage | Sdept |
+--------------+----------+-------+-------+-------+
| 201215121    | 李勇     | 男    | 20    | CS   |
| 201215122    | 刘晨     | 女    | 19    | CS   |
| 201215123    | 王敏     | 女    | 18    | MA   |
| 201215125    | 张立     | 男    | 19    | IS    |
| 201215126    | 张三     | 男    | 20    | CS   |
| 201215127    | 李四     | 男    | 21    | IS    |
| 201215128    | 王二麻子 | 男    | 22    | CS   |
| 201215129    | 刘津     | 男    | 23    | MA   |
| 201215130    | 刘丽     | 男    | 19    | IS    |
| 201215131    | 朱重八   | 男    | 25    | CH   |
| 201215132    | 李易安   | 女    | 23    | CS   |
| 201215133    | 舒庆春   | 男    | 22    | CH   |
| 201215134    | 马克思   | 男    | 24    | PY   |
| 201215135    | 恩格斯   | 男    | 22    | CH   |
| 201707120    | 昨夜晴   | 男    | 20    | CS   |
| 201811050370 | 徐贝宁   | 女    | 20    | SE   |
+--------------+----------+-------+-------+-------+
16 rows in set

mysql> 
-- (12)查询每个学生及其选修的课程名其及成绩；
SELECT student.Sname AS '姓名',course.Cname AS '课程名' ,sc.Grade AS '成绩' FROM student,sc,course WHERE sc.Sno=student.Sno AND course.Cno=sc.Cno;
+----------+---------------------+------+
| 姓名     | 课程名              | 成绩 |
+----------+---------------------+------+
| 李勇     | 数据库              | 92   |
| 李勇     | 数学                | 85   |
| 李勇     | 信息系统            | 88   |
| 刘晨     | 数学                | 90   |
| 刘晨     | 信息系统            | 80   |
| 王敏     | 数学                | 50   |
| 张立     | 操作系统            | 52   |
| 张三     | 数据结构            | 53   |
| 李四     | web开发技术        | 57   |
| 王二麻子 | web开发技术        | 58   |
| 刘津     | 程序设计基础_C语言 | 59   |
| 徐贝宁   | 信息系统            | 92   |
| 徐贝宁   | 操作系统            | 93   |
| 徐贝宁   | 数据结构            | 94   |
| 徐贝宁   | 数据处理            | 95   |
| 徐贝宁   | PASCAL语言         | 96   |
| 徐贝宁   | web开发技术        | 97   |
+----------+---------------------+------+
17 rows in set

mysql> 
-- (13)查询与“？？？”在同一个系学习的学生；(？？？为自己的真实姓名)
SELECT Sname AS "姓名" FROM student WHERE Sdept=(SELECT Sdept FROM student WHERE Sname='徐贝宁');
+--------+
| 姓名   |
+--------+
| 徐贝宁 |
+--------+
1 row in set

mysql>
 -- (14)查询其他系中比信息系某一学生年龄小的学生姓名和年龄；
SELECT Sname,Sage FROM student WHERE Sdept!='IS' AND Sage<(SELECT MAX(Sage) FROM student WHERE Sdept='IS');
+--------+-------+
| Sname | Sage |
+--------+-------+
| 李勇   | 20    |
| 刘晨   | 19    |
| 王敏   | 18    |
| 张三   | 20    |
| 昨夜晴 | 20    |
| 徐贝宁 | 20    |
+--------+-------+
6 rows in set

mysql> 
-- (15)查询其他系中比信息系所有学生年龄都小的学生姓名及年龄；
SELECT Sname,Sage FROM student WHERE Sdept!='IS' AND Sage<(SELECT MIN(Sage) FROM student WHERE Sdept='IS');
+--------+-------+
| Sname | Sage |
+--------+-------+
| 王敏   | 18    |
+--------+-------+
1 row in set

mysql> 
```